{
  "$schema": "https://turbo.build/schema.json",
  "globalDependencies": [".env.local", ".env"],
  "pipeline": {
    "build": {
      "dependsOn": ["^build"],
      "outputs": ["dist/**", ".next/**", ".expo/**"]
    },
    "dev": {
      "cache": false,
      "persistent": true
    },
    "start": {
      "dependsOn": ["build"]
    },
    "lint": {
      "outputs": []
    },
    "lint:fix": {
      "outputs": []
    },
    "test": {
      "outputs": ["coverage/**"],
      "dependsOn": ["build"]
    },
    "test:coverage": {
      "outputs": ["coverage/**"],
      "dependsOn": ["build"]
    },
    "test:e2e": {
      "outputs": [],
      "dependsOn": ["build"]
    },
    "typecheck": {
      "outputs": []
    },
    "clean": {
      "cache": false
    },
    "db:generate": {
      "cache": false
    },
    "db:migrate": {
      "cache": false
    },
    "db:seed": {
      "cache": false
    },
    "db:studio": {
      "cache": false,
      "persistent": true
    }
  }
}
