{
  "cli": {
    "version": ">= 7.0.0",
    "appVersionSource": "local"
  },
  "build": {
    "development": {
      "developmentClient": true,
      "distribution": "internal",
      "ios": {
        "simulator": true
      },
      "env": {
        "EXPO_PUBLIC_API_URL": "http://localhost:3001",
        "EXPO_PUBLIC_ENV": "development"
      }
    },
    "preview": {
      "distribution": "internal",
      "ios": {
        "simulator": false
      },
      "env": {
        "EXPO_PUBLIC_API_URL": "https://api-staging.joinup.app",
        "EXPO_PUBLIC_ENV": "staging"
      }
    },
    "production": {
      "distribution": "store",
      "ios": {
        "resourceClass": "m-medium"
      },
      "android": {
        "buildType": "app-bundle"
      },
      "env": {
        "EXPO_PUBLIC_API_URL": "https://api.joinup.app",
        "EXPO_PUBLIC_ENV": "production"
      }
    }
  },
  "submit": {
    "production": {
      "ios": {
        "appleId": "your-apple-id@email.com",
        "ascAppId": "your-app-store-connect-app-id",
        "appleTeamId": "YOUR_TEAM_ID"
      },
      "android": {
        "serviceAccountKeyPath": "./google-services.json",
        "track": "production"
      }
    }
  }
}
